model,accuracy,precision,recall,f1,roc_auc
logistic_regression,0.9358974358974359,0.9565217391304348,0.8461538461538461,0.8979591836734694,0.9918639053254438
random_forest,1.0,1.0,1.0,1.0,1.0
